<?xml version="1.0"?>
<!--<!DOCTYPE metadata SYSTEM "http://www.esri.com/metadata/esriprof80.dtd">-->
<metadata xml:lang="en"><Esri><CreaDate>20080528</CreaDate><CreaTime>15244100</CreaTime><SyncOnce>TRUE</SyncOnce><DataProperties><lineage><Process Name="Generate_5" ToolSource="C:\arcgis\arcexe9x\Toolboxes\Coverage Tools.tbx\Generate" Date="20080508" Time="080617">Generate s:\michele\gisClimateChange\CCSM_polygons\GlobalPolygons\global_polygonsedge.txt s:\michele\gisClimateChange\CCSM_polygons\GlobalPolygons\ccsm_polys POLYGONS</Process><Process Name="Clean_8" ToolSource="C:\arcgis\arcexe9x\Toolboxes\Coverage Tools.tbx\Clean" Date="20080508" Time="081954">Clean s:\michele\gisClimateChange\CCSM_polygons\GlobalPolygons\ccsm_polys s:\michele\gisClimateChange\CCSM_polygons\GlobalPolygons\ccsm_polys 0 0.036000001 POLY</Process><Process Name="Build_9" ToolSource="C:\arcgis\arcexe9x\Toolboxes\Coverage Tools.tbx\Build" Date="20080508" Time="082513">Build s:\michele\gisClimateChange\CCSM_polygons\GlobalPolygons\ccsm_polys POLY # s:\michele\gisClimateChange\CCSM_polygons\GlobalPolygons\ccsm_polys</Process></lineage></DataProperties><MetaID>{B119989C-38D6-4667-A1FE-058F53983756}</MetaID></Esri><idinfo><citation><citeinfo><onlink Sync="TRUE">\\SERE-MERCATOR\F$\GISportalTesting\ccsm_polygons</onlink></citeinfo></citation></idinfo><distInfo><distributor><distorTran><onLineSrc><linkage Sync="TRUE">file://\\SERE-MERCATOR\F$\GISportalTesting\ccsm_polygons</linkage><protocol Sync="TRUE">Local Area Network</protocol></onLineSrc></distorTran></distributor></distInfo><dataqual><lineage><procstep><procdesc Sync="TRUE">Dataset copied.</procdesc><srcused Sync="TRUE"></srcused><date Sync="TRUE">20080508</date><time Sync="TRUE">09250800</time></procstep><procstep><procdesc Sync="TRUE">Dataset copied.</procdesc><srcused Sync="TRUE">S:\michele\gisClimateChange\CCSM_polygons\GlobalPolygons\ccsm_polygons</srcused><date Sync="TRUE">20080508</date><time Sync="TRUE">09360900</time></procstep><procstep><procdesc Sync="TRUE">Dataset copied.</procdesc><srcused Sync="TRUE">U:\SERE\mthorn\CCSM Global Polygons\ccsm_polygons</srcused><date Sync="TRUE">20080528</date><time Sync="TRUE">15244100</time></procstep></lineage></dataqual></metadata>
